#RestWavelength(Angs),f$_\lambda$
3999.5530774590293,1.7153490160604385
4003.6152962446013,1.734427664287761
4007.677515030174,1.7311519218226914
4011.739733815746,1.7346153896997838
4015.801952601319,1.7306316034341764
4019.864171386892,1.7178629820010254
4023.926390172464,1.709365200337153
4027.988608958037,1.7072788239476846
4032.0508277436097,1.703408376103512
4036.1130465291817,1.6895817182576534
4040.1752653147546,1.671414824219525
4044.2374841003275,1.6680059268166965
4048.2997028858995,1.6756346085019977
4052.3619216714724,1.6789458458223767
4056.4241404570444,1.6827466361660544
4060.4863592426173,1.689569499187038
4064.54857802819,1.6873782075561428
4068.610796813763,1.6823742494768814
4072.673015599335,1.685211043208724
4076.735234384908,1.68640721820935
4080.79745317048,1.6825326370910367
4084.859671956053,1.6833606036008553
4088.9218907416257,1.6853911959313264
4092.9841095271977,1.6801266550378502
4097.046328312771,1.6693842116495237
4101.108547098343,1.6647058613548438
4105.170765883916,1.6783094526885582
4109.232984669488,1.705660929498754
4113.295203455061,1.7270806374281007
4117.357422240633,1.7333755943624471
4121.419641026207,1.733445983638759
4125.481859811778,1.7327635853545547
4129.5440785973515,1.7219640922189616
4133.606297382924,1.6980053404903337
4137.668516168496,1.6772282049335907
4141.730734954069,1.674725894622099
4145.792953739641,1.687220222909659
4149.855172525214,1.6963321022613962
4153.917391310787,1.695426964600127
4157.979610096359,1.6960876131993698
4162.041828881932,1.7008447609411717
4166.104047667504,1.7007582406219213
4170.166266453077,1.694219614313278
4174.228485238649,1.6873292823500528
4178.290704024223,1.6849745558762452
4182.352922809794,1.6887239453424767
4186.4151415953675,1.6995745527441124
4190.477360380939,1.7081457475831687
4194.539579166512,1.6943750744420887
4198.601797952085,1.6654657068743854
4202.664016737657,1.6587606107360666
4206.726235523231,1.6798130335476484
4210.788454308803,1.70552015327942
4214.850673094375,1.7257661915756444
4218.912891879948,1.7362021869215127
4222.975110665521,1.7343729307122033
4227.037329451093,1.7219095865902447
4231.099548236666,1.7063481776150626
4235.161767022238,1.698655316804863
4239.223985807811,1.6956510875973891
4243.286204593383,1.692410435357464
4247.348423378957,1.6932551861995417
4251.410642164529,1.6987899983985912
4255.472860950102,1.7070012871963403
4259.535079735673,1.7178597214929827
4263.597298521247,1.7305084818693064
4267.659517306819,1.731738601040441
4271.721736092391,1.7133675862770237
4275.783954877964,1.689755024220819
4279.846173663536,1.6832474229122396
4283.908392449109,1.6936426990012396
4287.970611234682,1.6975707374004685
4292.032830020255,1.6867627350990386
4296.095048805827,1.6712725332986476
4300.157267591399,1.6572334770528825
4304.219486376972,1.6456722307138834
4308.281705162544,1.6435937316475127
4312.343923948118,1.6635109218344442
4316.406142733689,1.6966724214205202
4320.4683615192625,1.7173977785329548
4324.530580304834,1.7183513258057022
4328.592799090407,1.70858966383823
4332.65501787598,1.70664110161607
4336.717236661553,1.7254810352221674
4340.779455447125,1.749807599665775
4344.841674232698,1.760985046519465
4348.90389301827,1.7606038062306582
4352.966111803843,1.7645586466635614
4357.028330589415,1.7803487400023232
4361.090549374988,1.791910175251741
4365.15276816056,1.7858070762134708
4369.214986946133,1.769904865923425
4373.277205731705,1.7517960095866703
4377.3394245172785,1.734233814414257
4381.401643302851,1.719984478696059
4385.463862088423,1.7114437281786026
4389.526080873996,1.7158820093023457
4393.588299659568,1.7288633189560048
4397.650518445142,1.7371009608832224
4401.712737230715,1.7368891864980534
4405.7749560162865,1.7316794531088902
4409.837174801859,1.7300419918834888
4413.899393587431,1.7411343612628722
4417.961612373005,1.7616142565143955
4422.023831158577,1.7806676337584235
4426.08604994415,1.7900716835011234
4430.148268729722,1.7847348142770225
4434.2104875152945,1.7701078493505131
4438.272706300867,1.761234333053069
4442.334925086439,1.7577553881070314
4446.397143872013,1.748904055708651
4450.459362657584,1.7439966599538441
4454.521581443158,1.7481544733339205
4458.583800228729,1.7517238693401758
4462.6460190143025,1.7639541409013333
4466.708237799875,1.7888296168996438
4470.770456585448,1.806570882469833
4474.83267537102,1.8059451717769532
4478.894894156593,1.7971732484203644
4482.957112942165,1.7932680403206358
4487.019331727738,1.7926392069102561
4491.0815505133105,1.7905590586614426
4495.143769298883,1.7873291018288144
4499.205988084455,1.7867772008056853
4503.268206870028,1.7983181450696686
4507.3304256556,1.8127791158545234
4511.392644441174,1.814047204737259
4515.454863226746,1.8067818453290103
4519.5170820123185,1.8002577865527154
4523.579300797891,1.7931828447815092
4527.641519583463,1.7855431381978752
4531.703738369036,1.7800157687402824
4535.765957154609,1.779730719072827
4539.828175940181,1.7870820064838637
4543.890394725754,1.7974042967652246
4547.952613511326,1.8059531433320561
4552.014832296899,1.8154680738742892
4556.077051082471,1.8262580926918923
4560.139269868045,1.829896608843787
4564.201488653616,1.821299809081441
4568.2637074391905,1.805549048849818
4572.325926224761,1.7949001942736893
4576.3881450103345,1.7953487861297701
4580.450363795907,1.7983524923645877
4584.51258258148,1.798257328705434
4588.574801367052,1.7998642696419138
4592.637020152624,1.8050134174224102
4596.699238938198,1.8115657722765708
4600.76145772377,1.8104484379067582
4604.823676509343,1.8017645013547732
4608.885895294915,1.8025526915448953
4612.948114080488,1.8106939458902929
4617.01033286606,1.8090343447464114
4621.072551651633,1.8029211531086187
4625.134770437206,1.809077068516821
4629.196989222778,1.8259234883243387
4633.2592080083505,1.8330904972997824
4637.321426793923,1.8190932935628006
4641.383645579495,1.7955192921056284
4645.445864365069,1.7807125870331766
4649.508083150641,1.7843826995242273
4653.570301936214,1.800091774785575
4657.632520721786,1.8129839638273888
4661.6947395073585,1.8197540735129358
4665.756958292931,1.8238289159768637
4669.819177078504,1.823344912144902
4673.881395864076,1.8200991185421909
4677.943614649649,1.8200625296562944
4682.005833435221,1.825191428273182
4686.068052220794,1.827733072572419
4690.1302710063665,1.8210426914071236
4694.19248979194,1.812849394841518
4698.254708577511,1.8087448716742403
4702.316927363085,1.8073474562719196
4718.565802505374,1.8159698175255259
4722.628021290947,1.8356433594609756
4726.690240076519,1.846500105161151
4730.752458862092,1.8398930679951726
4734.814677647665,1.8335031963824895
4738.876896433238,1.839999980033364
4742.93911521881,1.8471583410461971
4747.001334004382,1.8431901510269673
4751.063552789955,1.838501422672341
4755.125771575527,1.839462235032986
4759.187990361101,1.835921430303105
4763.250209146672,1.8286558503393995
4767.312427932246,1.826608419852883
4771.374646717817,1.8296660228672381
4775.436865503391,1.8348907475341352
4779.499084288963,1.8448859384665421
4783.561303074536,1.856907683256789
4787.623521860109,1.8636260555149167
4791.685740645681,1.86491068039057
4795.747959431254,1.8649999640237156
4799.810178216826,1.8638636347754247
4803.872397002399,1.8571089792248323
4807.934615787971,1.843939056582364
4811.996834573544,1.832545037528998
4816.059053359116,1.8275001385236218
4820.121272144689,1.8261053732463772
4824.1834909302615,1.8299372147977437
4828.245709715835,1.8324630907252029
4832.307928501406,1.8281822412252953
4836.37014728698,1.8263277810287573
4840.432366072551,1.8257397059541716
4844.494584858125,1.8207311465487905
4848.556803643697,1.821208490937428
4852.6190224292695,1.833346378130387
4856.681241214842,1.8477406921061599
4860.743460000414,1.857749845501916
4864.805678785987,1.858408620878123
4868.86789757156,1.839817278066259
4872.930116357133,1.8068162399453505
4876.992335142705,1.7841628188010803
4881.0545539282775,1.7874000490751691
4885.11677271385,1.8037062095869512
4889.178991499422,1.818010849574788
4893.241210284996,1.8281040227384049
4897.303429070567,1.83701786250618
4901.365647856141,1.8407928920531078
4905.427866641712,1.8381215442913725
4909.4900854272855,1.8362950539361413
4913.552304212858,1.836509468882797
4917.614522998431,1.8334986509084887
4921.676741784003,1.826857498074439
4925.738960569577,1.8196240249723392
4929.801179355148,1.8180240163526407
4933.863398140721,1.8258005723113349
4937.9256169262935,1.8398918755212819
4941.987835711866,1.8612436892946176
4946.050054497438,1.8989483912305014
4950.112273283011,1.9541606917277405
4954.174492068583,2.0034359846773686
4958.236710854157,2.017539653086791
4962.298929639729,1.9863899005878713
4966.3611484253015,1.9257133303271101
4970.423367210874,1.8703096229288085
4974.485585996446,1.8369965193969426
4978.54780478202,1.8132020279798537
4982.610023567592,1.8018061289392076
4986.672242353165,1.8258133143904116
4990.734461138737,1.899435863443609
4994.7966799243095,2.017541961790694
4998.858898709882,2.143196148511251
5002.921117495455,2.22827601375502
5006.983336281028,2.245676848561819
5011.0455550666,2.1881425964392256
5015.107773852173,2.0675568892980363
5019.169992637745,1.931147152225175
5023.2322114233175,1.8416394320070455
5027.294430208891,1.8118664689268626
5031.356648994462,1.81186954746822
5035.418867780036,1.8198685113492732
5039.481086565607,1.8229464299376519
5043.543305351181,1.8157781448144605
5047.605524136753,1.8071541491590346
5051.667742922326,1.8113717155323583
5055.729961707898,1.8274750082868505
5059.792180493471,1.8427878151452914
5063.854399279043,1.85066498450926
5067.916618064616,1.8479701675674471
5071.978836850189,1.8382360603840013
5076.041055635761,1.8318045435130288
5080.1032744213335,1.8289744424549619
5084.165493206906,1.8220565900683532
5088.227711992478,1.8059059703374174
5092.289930778052,1.785993508953119
5096.352149563624,1.7795284505071804
5100.414368349197,1.7933597152397949
5104.476587134769,1.812418350187165
5108.5388059203415,1.8225719354539762
5112.601024705914,1.8234813930082445
5116.663243491487,1.8209323533952941
5120.725462277059,1.8166004295013547
5124.787681062633,1.8083078165992001
5128.849899848204,1.8021568466050824
5132.912118633777,1.8037556621462834
5136.9743374193495,1.8066991971117745
5141.036556204923,1.807271857873571
5145.098774990494,1.8061618551352183
5149.160993776068,1.7994902399475192
5153.223212561639,1.7910287773133517
5157.285431347213,1.7885094590581598
5161.347650132785,1.7840858316326238
5165.4098689183575,1.7708524348933758
5169.472087703931,1.756964506981605
5173.534306489502,1.7538130716089952
5177.596525275076,1.7609021867653296
5181.658744060648,1.7715197272618284
5185.7209628462215,1.7872428292018
5189.783181631793,1.8067697790628385
5193.845400417366,1.8184386963222494
5197.907619202938,1.8172221310461483
5201.969837988511,1.8092959277047707
5206.032056774084,1.8023485274383755
5210.094275559656,1.801396005491723
5214.156494345229,1.8011605962337245
5218.218713130801,1.7965477222280564
5222.280931916373,1.7944031893956163
5226.343150701947,1.8010227842431432
5230.405369487519,1.8202639663559195
5234.467588273092,1.848417423243681
5238.529807058664,1.8682398617938063
5242.592025844237,1.8692032853193885
5246.654244629809,1.853386855547502
5250.716463415382,1.8301428292126167
5254.778682200955,1.8111627679369708
5258.840900986527,1.7990604966152532
5262.903119772099,1.7915956679693483
5266.965338557672,1.7921743710504001
5271.027557343245,1.8067311221072118
5275.089776128819,1.8267158120602889
5279.151994914389,1.8370878596564784
5283.214213699963,1.8379242056062937
5287.276432485534,1.8372564512949185
5291.338651271109,1.8381631762566744
5295.40087005668,1.8475161377295606
5299.4630888422535,1.8669083181078099
5303.525307627825,1.8803759848175925
5307.587526413398,1.8772530199283652
5311.64974519897,1.8658951841098819
5315.711963984543,1.8544938662289714
5319.774182770116,1.8455781516404368
5323.836401555688,1.8428086182806716
5327.8986203412605,1.8413083649486939
5331.960839126833,1.8374009328052823
5336.023057912405,1.8368249374096128
5340.085276697979,1.8390744835262924
5344.147495483551,1.8453882807230015
5348.209714269124,1.857517398226871
5352.271933054696,1.866531105955281
5356.3341518402685,1.8665281314121749
5360.396370625841,1.8633526400119518
5364.458589411414,1.8651555023922328
5368.520808196987,1.8749895070550484
5372.583026982559,1.8904177255689756
5376.645245768132,1.9002989608652598
5380.707464553704,1.8908923631447172
5384.769683339277,1.866558130377763
5388.83190212485,1.8467791049676143
5392.894120910422,1.8361968960222894
5396.956339695994,1.8293358774526325
5401.018558481567,1.828507961838131
5405.08077726714,1.835343935506012
5409.142996052713,1.8453373257466135
5413.2052148382845,1.8571508958631966
5417.267433623858,1.8676890571968918
5421.329652409429,1.8670362529157762
5425.391871195003,1.857954548163127
5429.454089980575,1.8549036377200143
5433.5163087661485,1.8606815525542466
5437.57852755172,1.8669788722786822
5441.6407463372925,1.8673108345623302
5445.702965122865,1.8596797011800341
5449.765183908438,1.8513784872579853
5453.827402694011,1.8471998965001268
5457.889621479584,1.8452906156136415
5461.951840265156,1.8456824523927866
5466.014059050728,1.8486428968886228
5470.0762778363005,1.85468987282227
5474.138496621874,1.8600305016225653
5478.200715407446,1.862992432436122
5482.26293419302,1.8654427441549173
5486.32515297859,1.8658399149090759
5490.387371764164,1.8652008628482069
5494.449590549736,1.8644950935570521
5498.511809335309,1.8638508884784821
5502.574028120881,1.8618254326491879
5506.636246906454,1.8528341444036653
5510.698465692026,1.8447541154840825
5514.760684477599,1.8462965742376858
5518.822903263172,1.8518184194366298
5522.885122048745,1.8591936370857927
5526.9473408343165,1.8666566486849046
5531.009559619889,1.8674668425518293
5535.071778405461,1.8582904595532
5539.133997191035,1.840815706086613
5543.196215976607,1.8256597122501073
5547.25843476218,1.8234223103649527
5551.320653547752,1.83253658647772
5555.3828723333245,1.8372355338264146
5559.445091118898,1.8290182482824036
5563.50730990447,1.8157909756756758
5567.569528690044,1.8126612743602237
5571.631747475615,1.8230370945852101
5575.693966261188,1.8348161986627292
5579.75618504676,1.8378149994927007
5583.818403832333,1.8291257184608705
5587.880622617906,1.8172275033348535
5591.942841403478,1.8132280548505983
5596.005060189051,1.8143232435732426
5600.067278974623,1.8184764921014929
5604.129497760196,1.8280389710656384
5608.191716545769,1.8361865523003114
5612.253935331341,1.8365381717636289
5616.316154116914,1.8355431610346982
5620.378372902485,1.8438070822176136
5624.440591688059,1.8580402715757534
5628.502810473631,1.865972283464647
5632.565029259205,1.8622744527690118
5636.627248044776,1.850695045490168
5640.689466830349,1.8440197702486714
5644.751685615921,1.850558170239726
5648.813904401494,1.8569839819388705
5652.876123187067,1.8535881839537929
5656.93834197264,1.847798940481423
5661.000560758212,1.8446810461370737
5665.062779543785,1.8442751276930245
5669.1249983293565,1.8515045887407258
5673.18721711493,1.8626528524050638
5677.249435900502,1.864941838747515
5681.311654686075,1.856384529661248
5685.373873471647,1.8488383877094643
5689.43609225722,1.8481320723432333
5693.498311042792,1.8475069254865062
5697.560529828365,1.8422751959932122
5701.622748613938,1.8322065954040174
5705.68496739951,1.8215805052059375
5709.747186185082,1.8227588675166584
5713.809404970655,1.8433725790803137
5717.871623756228,1.8678600367194724
5721.933842541801,1.867342231171063
5725.996061327372,1.840200587170364
5730.058280112946,1.8207417467010762
5734.120498898517,1.8325511189827781
5738.182717684091,1.8570608326552571
5742.244936469663,1.8707980491651772
5746.3071552552365,1.871018116152734
5750.369374040809,1.866920629200409
5754.43159282638,1.8676683033759416
5758.493811611954,1.873090165197226
5762.556030397526,1.8730919111537179
5766.6182491831,1.864703796017023
5770.680467968671,1.857166476442397
5774.7426867542445,1.8551672250179962
5778.804905539816,1.8537763086783705
5782.867124325389,1.8485043251340734
5786.929343110962,1.8380494153021094
5790.991561896535,1.830690073330082
5795.053780682107,1.8383927473513042
5799.115999467679,1.8517540988065684
5803.1782182532515,1.8562349311644377
5807.240437038825,1.8596755780030017
5811.302655824397,1.8654739983420034
5815.364874609971,1.8634477708477026
5819.427093395542,1.8577361780460653
5823.489312181115,1.8592481213115515
5827.551530966687,1.8618166201613013
5831.61374975226,1.8553984848704768
5835.675968537833,1.8447107652878465
5839.738187323405,1.84195962246212
5843.800406108977,1.8443420052105906
5847.86262489455,1.8396309768283334
5851.924843680123,1.8265811995455263
5855.987062465696,1.8195761574973974
5860.0492812512675,1.827234334522985
5864.111500036841,1.8413792286158646
5868.173718822412,1.853724171508189
5872.235937607986,1.860096019778797
5876.298156393558,1.8550754064666242
5880.360375179132,1.841042724422501
5884.422593964703,1.8263553293597394
5888.4848127502755,1.8136758388760081
5892.547031535848,1.8084018437826828
5896.609250321421,1.8132059276549501
5900.671469106994,1.8247524072712573
5904.733687892566,1.8393664564234307
5908.795906678139,1.8493056939274832
5912.858125463711,1.8505325097071093
5916.9203442492835,1.8487864022568103
5920.982563034857,1.8483765493211881
5925.044781820429,1.8461188060696845
5929.107000606002,1.8395969727431536
5933.169219391574,1.8373668004291104
5937.231438177147,1.8452220862520612
5941.29365696272,1.851322387072139
5945.355875748292,1.845821105724852
5949.418094533865,1.8351248389073083
5953.480313319437,1.8269860979315096
5957.54253210501,1.8242240924988244
5961.604750890582,1.830307773785053
5965.6669696761555,1.8408836922772827
5969.729188461728,1.8466561769742789
5973.7914072473,1.8455754950670398
5977.853626032872,1.8438611399091935
5981.915844818445,1.8441836317481806
5985.978063604018,1.8394122957920251
5990.040282389591,1.8290808353702959
5994.102501175163,1.8227192217803094
5998.164719960737,1.8232428022324276
6002.2269387463075,1.8290684564011113
6006.289157531881,1.8405282325842611
6010.351376317453,1.8492074412732238
6014.413595103027,1.844621828480644
6018.475813888598,1.8347744418850913
6022.538032674171,1.8344933898925326
6026.600251459743,1.8463372499412074
6030.662470245316,1.8608923599806977
6034.724689030889,1.865641939311299
6038.786907816461,1.859499690634831
6042.849126602034,1.8582938596159577
6046.911345387606,1.8691020340721713
6050.973564173179,1.8779894446256866
6055.035782958752,1.8746479197273485
6059.098001744324,1.868268853946986
6063.160220529897,1.8650057964173272
6067.222439315468,1.8588392331200716
6071.284658101042,1.857754068921577
6075.346876886614,1.8717817800928542
6079.4090956721875,1.8830169647871104
6083.471314457759,1.8736998295425664
6087.533533243332,1.8530460103257633
6091.595752028904,1.8394300854040408
6095.657970814477,1.8378582947470499
6099.72018960005,1.8401913031648403
6103.782408385623,1.837595394312193
6107.844627171195,1.8312382230896387
6111.906845956767,1.8274049547746594
6115.9690647423395,1.8335641584230906
6120.031283527913,1.8468730655966203
6124.093502313485,1.8554089748882832
6128.155721099058,1.8566755322426938
6132.21793988463,1.8576403299468884
6136.280158670203,1.8587518723896952
6140.342377455776,1.8537112594606078
6144.404596241348,1.8458392641784387
6148.466815026922,1.8401349988510007
6152.529033812493,1.8322572554737557
6156.591252598066,1.8202522591599102
6160.653471383638,1.808797389977907
6164.715690169212,1.8092676218715955
6168.777908954784,1.8219659083812205
6172.840127740356,1.830028298497156
6176.902346525929,1.8268397856802436
6180.964565311502,1.816295803974047
6185.026784097074,1.8073138000059923
6189.089002882647,1.8092482417327942
6193.1512216682195,1.823721909868251
6197.213440453792,1.8430670130142062
6201.275659239363,1.8575202455574769
6205.337878024937,1.8605694473018275
6209.400096810509,1.8510194696503988
6213.462315596083,1.8369220192050575
6217.524534381654,1.8240463812463872
6221.5867531672275,1.8133935502136487
6225.648971952799,1.8054724491169585
6229.711190738372,1.801509093263482
6233.773409523945,1.8050064330005577
6237.835628309518,1.8127227956365448
6241.89784709509,1.8166926061049273
6245.960065880662,1.8161363292914714
6250.022284666235,1.8115224700279582
6254.084503451808,1.8028425955976675
6258.14672223738,1.7994738458995596
6262.208941022953,1.806547535698427
6266.271159808525,1.8153594316422081
6270.333378594098,1.8208814046342197
6274.39559737967,1.82585856347681
6278.4578161652435,1.8267706210060697
6282.520034950816,1.8241835487133298
6286.582253736388,1.8243478298141853
6290.64447252196,1.827627577489773
6294.706691307533,1.8311549514155052
6298.768910093106,1.8327427550584632
6302.831128878679,1.8328983759454087
6306.8933476642505,1.8302743112236564
6310.955566449824,1.821980675350847
6315.017785235395,1.8111250152054506
6319.080004020969,1.8074490592623034
6335.3288791632585,1.8156993534662589
6339.391097948832,1.823031659572487
6343.453316734404,1.8218601952554851
6347.515535519978,1.8161343039725037
6351.577754305549,1.8043991813041236
6355.639973091123,1.7863361286933264
6359.702191876694,1.7827848437055152
6363.764410662267,1.805487196665239
6367.82662944784,1.8323056187597613
6371.888848233413,1.8453331754526745
6375.951067018985,1.846523129232576
6380.013285804557,1.8411636975889332
6384.07550459013,1.8325517728793914
6388.137723375703,1.8251819893716321
6392.199942161275,1.8200534223808298
6396.262160946848,1.817943622942176
6400.32437973242,1.8201781936687313
6404.386598517993,1.8270581849355834
6408.448817303565,1.8368524992852577
6412.5110360891385,1.8426464506854363
6416.573254874711,1.839795247038246
6420.635473660283,1.832587057292352
6424.697692445855,1.8295971469666938
6428.759911231428,1.8349429292781154
6432.822130017001,1.8438655000139297
6436.884348802574,1.8461800560547466
6440.946567588146,1.8389773707946377
6445.008786373719,1.82932715147346
6449.0710051592905,1.8210303226813693
6453.133223944864,1.8168975502664162
6457.195442730436,1.8198314424065882
6461.25766151601,1.8233547895150823
6465.319880301581,1.8216498142364208
6469.382099087154,1.8181949413685126
6473.444317872726,1.8228404369944904
6477.506536658299,1.8331476082543938
6481.568755443872,1.8369167822984669
6485.630974229444,1.8298678364039647
6489.693193015017,1.8196411723733648
6493.755411800589,1.8157949289715831
6497.817630586162,1.8213394003944108
6501.879849371735,1.8291818262218247
6505.942068157307,1.8322810671968672
6510.00428694288,1.833641112353775
6514.066505728452,1.835233810058766
6518.128724514025,1.833887042315098
6522.190943299598,1.829976854129188
6526.2531620851705,1.8258979909947761
6530.315380870743,1.8258210873759135
6534.377599656315,1.8355512609724427
6538.439818441888,1.8515496015828672
6542.50203722746,1.86707257552523
6546.564256013034,1.8877585945046158
6550.626474798606,1.9267352453961113
6554.6886935841785,1.9854090964274675
6558.75091236975,2.0417837446190044
6562.813131155323,2.0652058510024043
6566.875349940896,2.0408098606095586
6570.937568726469,1.9864576928624302
6574.999787512041,1.94310012131828
6579.062006297614,1.9275298074670055
6583.124225083186,1.9196502856916762
6587.186443868759,1.8988515971941557
6591.248662654331,1.8600683995497438
6595.310881439905,1.8169836524740564
6599.373100225476,1.790608171809775
6603.435319011049,1.7890778214547431
6607.497537796621,1.8020179201870032
6611.5597565821945,1.8174960144015817
6615.621975367767,1.8285943217004712
6619.68419415334,1.823883503657548
6623.746412938912,1.7993329700917422
6627.808631724484,1.772364290008642
6631.870850510057,1.7647685884445157
6635.93306929563,1.7746281420508525
6639.9952880812025,1.7899974960825278
6644.057506866775,1.8021543785095184
6648.1197256523465,1.8039634823219286
6652.18194443792,1.7969778617195509
6656.244163223492,1.7897532793011803
6660.306382009066,1.7914568597848173
6664.368600794638,1.8060844746791105
6668.4308195802105,1.8204180350299555
6672.493038365782,1.8233909304656055
6676.555257151355,1.8247569292368953
6680.617475936928,1.8317879720855719
6684.679694722501,1.8366258324229627
6688.741913508073,1.834249229972212
6692.804132293645,1.833268157359034
6696.866351079218,1.8408487968345115
6700.928569864791,1.8501059978830094
6704.990788650363,1.8519045943424415
6709.053007435937,1.8475198843703415
6713.115226221509,1.8471256907197153
6717.177445007081,1.8489131909112404
6721.239663792654,1.8454651631505943
6725.3018825782265,1.8412388481312587
6729.3641013638,1.8405185985782877
6733.426320149371,1.8389649464629145
6737.488538934945,1.830294554330922
6741.550757720516,1.8175250396726077
6745.61297650609,1.810917219569577
6749.675195291662,1.8083708058893433
6753.737414077235,1.7996618277414576
6757.799632862807,1.7893254502819271
6761.861851648379,1.7872221517173124
6765.924070433952,1.7896722606105995
6769.986289219525,1.7935395093058795
6774.048508005098,1.801375039301737
6778.11072679067,1.8107910764284665
6782.172945576242,1.8144190696480016
6786.235164361815,1.8058093847120316
6790.297383147387,1.7895109649487957
6802.484039504106,1.7850969119037878
6806.546258289677,1.7991645437345198
6810.60847707525,1.814356140778094
6814.670695860823,1.8206535367058403
6818.732914646396,1.8172365811901308
6822.795133431968,1.8084788096667936
6826.85735221754,1.7965949913656758
6830.919571003113,1.7838583357833862
6834.981789788686,1.7826717748856133
6839.044008574258,1.7885024452209246
6843.106227359832,1.7886076505369475
6847.168446145403,1.787436981720773
6851.230664930976,1.7913052498758282
6855.292883716548,1.7967609505410618
6859.355102502122,1.7995417097135131
6863.417321287694,1.7991721250036434
6867.479540073266,1.7994355540737779
6871.541758858838,1.8018624835654613
6875.603977644411,1.7986848009959013
6879.666196429984,1.7865828595953546
6883.728415215557,1.775404362257132
6887.79063400113,1.7722826531720408
6891.852852786702,1.7763091750969415
6895.9150715722735,1.7857061505261047
6899.977290357847,1.7959242791647385
6904.039509143419,1.8022434615645986
6908.101727928993,1.8013803099534345
6912.163946714565,1.794077763664954
6916.226165500137,1.7861960212932124
6920.28838428571,1.7868446817770955
6924.350603071282,1.8000148914021168
6928.412821856856,1.8158630905482207
6932.475040642428,1.8232064203270641
6936.537259428001,1.8187349098443297
6940.599478213572,1.8096554971012304
6944.6616969991455,1.8042215912463322
6948.723915784718,1.8032705582728508
6952.786134570291,1.8035650789515814
6956.848353355863,1.805812046865641
6960.910572141435,1.812583917759625
6964.972790927008,1.817549563621376
6969.035009712581,1.814995185078666
6973.0972284981535,1.811515116216141
6977.159447283727,1.8118933147710188
6981.221666069298,1.8108932478927728
6985.283884854871,1.801220015256172
6989.346103640443,1.7863109243540025
6993.408322426017,1.7820461792055027
6997.470541211589,1.7919455111821532
7001.5327599971615,1.8040052921873957
7005.594978782733,1.8079398676759417
7009.657197568306,1.803006390157089
7013.719416353879,1.7980054077986656
7017.781635139452,1.8033334094360063
7021.843853925025,1.8147492642844267
7025.906072710597,1.8192896567554122
7029.968291496169,1.8168455119927247
7034.030510281742,1.8167909484062157
7038.0927290673135,1.8221707156759572
7042.154947852888,1.825142335696884
7046.217166638458,1.819352143488955
7050.279385424032,1.8116180353486875
7054.341604209604,1.8062396998473402
7058.4038229951775,1.7999205613553224
7062.46604178075,1.7922503840553412
7066.528260566323,1.7860396681536201
7070.590479351895,1.7865446608283029
7074.652698137467,1.7937323961798548
7078.71491692304,1.7980669044585305
7082.777135708613,1.793697291450257
7086.8393544941855,1.7872919287531495
7090.901573279758,1.7855822010916016
7094.96379206533,1.7853013620405063
7099.026010850903,1.7781701313912721
7103.088229636476,1.7653899865013376
7107.150448422049,1.7606124916025727
7111.212667207622,1.7669162266329697
7115.2748859931935,1.7715035727003825
7119.337104778766,1.7730695019062235
7123.399323564338,1.781922439845189
7127.461542349912,1.7929563655949634
7131.523761135484,1.7953892642525076
7135.585979921057,1.788517266679982
7139.648198706628,1.7786563526623582
7143.7104174922015,1.7749792819170394
7147.772636277774,1.7777729985755995
7151.834855063347,1.7769344813774115
7155.89707384892,1.7701558840214184
7159.959292634492,1.7669124346007785
7164.021511420064,1.773933688234205
7168.083730205637,1.7854442107893014
7172.1459489912095,1.7929125571509452
7176.208167776783,1.7942795308354889
7180.270386562354,1.7879826643103371
7184.332605347928,1.7747293666315955
7188.394824133499,1.76135145447977
7192.457042919073,1.7540331809747427
7196.519261704645,1.751220521043331
7200.581480490218,1.7478888448192045
7204.643699275789,1.7426132618082062
7208.705918061362,1.7376067573978504
7212.768136846935,1.7381316133723823
7216.830355632508,1.7454470495413508
7220.89257441808,1.7534469077482644
7224.954793203654,1.7579880514643362
7229.017011989225,1.7566194933435515
7233.079230774798,1.7510479073214424
7237.141449560369,1.7528015858765897
7241.203668345944,1.7674334144362085
7245.265887131516,1.7831732122563375
7249.328105917088,1.7852851511886538
7253.390324702659,1.7750116435956735
7257.4525434882335,1.7738939745008293
7261.514762273806,1.7866486883319048
7265.576981059379,1.7904069724312495
7269.639199844952,1.7818206765822646
7273.701418630523,1.7754546740776156
7277.763637416096,1.7755119562317672
7281.825856201669,1.7805563586100364
7285.888074987241,1.79055858394109
7289.950293772815,1.8067422981121801
7294.012512558386,1.821280086299375
7298.074731343959,1.8227942199262823
7302.136950129532,1.812304260562885
7306.199168915105,1.7969591268908647
7310.261387700678,1.7807303450976506
7314.32360648625,1.7681041814825185
7318.385825271822,1.753794808505598
7322.448044057394,1.722132092698468
7326.510262842968,1.6820313147081325
7342.759137985257,1.6694628609613689
7346.82135677083,1.6860048721443615
7350.883575556403,1.6970717079252071
7354.945794341976,1.6866348814554495
7359.008013127549,1.6702620021334327
7363.07023191312,1.6759818322464881
7367.132450698693,1.7023419766948604
7371.194669484265,1.727155572187598
7375.256888269839,1.7435541684654081
7379.319107055411,1.7641291271782968
7383.381325840983,1.797188234683313
7387.443544626555,1.8235773623055054
7391.5057634121285,1.8240495753406185
7395.5679821977,1.8073073313700356
7399.630200983274,1.796737072517793
7403.692419768847,1.7956077355100677
7407.754638554418,1.7876854842704406
7411.816857339991,1.7717631314104898
7415.879076125564,1.76728465008103
7419.9412949111365,1.7866975736724937
7424.00351369671,1.815715764908374
7428.06573248228,1.8313920309465703
7432.127951267854,1.8275152591056307
7436.190170053426,1.815871897792768
7440.252388839,1.8050111533035529
7444.314607624572,1.796053967658553
7448.376826410145,1.7965593866798846
7452.439045195716,1.807980651955578
7456.501263981289,1.8187236014282777
7460.563482766862,1.8185833906853814
7464.625701552435,1.8083974031861703
7468.687920338008,1.7971430441686378
7472.750139123579,1.7916226764638066
7476.8123579091525,1.7884893490659795
7480.874576694725,1.7823636197446668
7484.936795480297,1.7779816613734951
7488.999014265871,1.7768649818000568
7493.061233051443,1.775081960347484
7497.123451837015,1.7740697318084762
7501.185670622588,1.7779783976318349
7505.2478894081605,1.7881139649703335
7509.310108193734,1.7955312758100745
7513.372326979306,1.7930075432471975
7517.434545764878,1.7930689790834216
7533.683420907169,1.8076038477884935
7537.745639692742,1.8208918301249573
7541.807858478313,1.816067440139063
7545.870077263886,1.7943056916089948
7549.932296049459,1.773485758944454
7553.994514835032,1.7694983366774704
7558.056733620605,1.7765519725130652
7562.118952406176,1.7870259634012688
7566.181171191749,1.8011122490083151
7570.243389977321,1.8092621552581694
7574.305608762895,1.8033368740453015
7578.367827548467,1.7963439949994315
7582.4300463340405,1.797567657096098
7586.492265119611,1.7944180839311556
7590.5544839051845,1.7794081948795255
7594.616702690756,1.7570741852854224
7598.67892147633,1.738396351752715
7602.741140261903,1.738360328076722
7606.803359047474,1.7568247719077603
7610.865577833047,1.776858915813072
7614.92779661862,1.7863160170329866
7618.9900154041925,1.789001551055486
7623.052234189766,1.7955062655634864
7627.114452975338,1.8010461845078476
7631.17667176091,1.789904088906439
7635.238890546482,1.7619195710215616
7639.301109332056,1.7369103119492448
7643.363328117628,1.7247472837769031
7647.425546903201,1.7170267770247787
7651.487765688772,1.7125720247682368
7655.549984474345,1.7165014458161985
7659.612203259918,1.7256224799820479
7663.674422045491,1.7351826182812984
7667.736640831064,1.7426703569294768
7671.798859616637,1.7402446084796273
7675.8610784022085,1.7254016758704211
7679.923297187781,1.7113578037887798
7683.985515973354,1.7073289760641226
7688.047734758927,1.7055498778679639
7692.1099535445,1.7047150676576228
7696.172172330071,1.71223877427468
7700.234391115644,1.721178390218268
7704.2966099012165,1.7186494330339643
7708.35882868679,1.706144406646053
7712.421047472362,1.696905316761998
7716.483266257936,1.695022894465978
7720.545485043506,1.6914449929497646
7724.60770382908,1.6873908722560447
7728.669922614652,1.696603713551458
7732.732141400225,1.7175533037170247
7736.794360185798,1.729531246218138
7740.856578971369,1.720479876050226
7744.918797756942,1.704679602618042
7748.981016542515,1.7030813774471396
7753.043235328087,1.7090117917098442
7757.105454113661,1.710809141254543
7761.167672899233,1.7157329564324288
7765.229891684805,1.7218796137413328
7769.292110470377,1.717734440432596
7773.354329255951,1.7057926391264648
7777.416548041523,1.6975217737448234
7781.4787668270965,1.6979572524720898
7785.540985612666,1.6981399705984208
7789.60320439824,1.694165977673935
7793.665423183813,1.6953736282086325
7797.727641969386,1.7016339941847312
7801.789860754959,1.70821319204351
7805.852079540532,1.7157265169063682
7809.914298326103,1.7219576232129943
7813.976517111676,1.7261791042869776
7818.038735897248,1.730825428211688
7822.100954682822,1.7382748382252655
7826.163173468394,1.7474979072419923
7830.225392253966,1.745373401634961
7834.287611039538,1.7276969575113366
7838.349829825112,1.7162984907896595
7842.412048610684,1.7239893643574664
7846.474267396257,1.737228847918613
7850.53648618183,1.7417739703800292
7854.598704967401,1.7368638587298895
7858.660923752974,1.7276619530391308
7862.723142538547,1.7221439342530513
7866.78536132412,1.7304983905939606
7870.847580109693,1.742502696349607
7874.909798895264,1.7419494161290279
7878.972017680837,1.7365250667848113
7883.03423646641,1.7393265427133011
7887.096455251983,1.7461138604155864
7891.158674037556,1.7486699531342824
7895.2208928231275,1.7464660035035038
7899.2831116087,1.7450887159318436
7903.345330394272,1.7422783492393812
7907.407549179846,1.729815684132428
7911.469767965418,1.7195882642486024
7915.531986750992,1.726988292452112
7919.594205536564,1.738526756719212
7923.6564243221355,1.7402808728100836
7927.718643107708,1.7362386267544914
7931.780861893281,1.7328296036919995
7935.843080678854,1.7291789853982082
7939.905299464427,1.7212090321928044
7943.967518249998,1.7141034678061204
7948.029737035571,1.7152640772733971
7952.0919558211435,1.717224162621087
7956.154174606717,1.7135018247312186
7960.216393392289,1.7097653894663372
7964.278612177863,1.7051477202243146
7968.340830963433,1.6988220940785677
7972.403049749007,1.7051433026932912
7976.465268534579,1.7254958490943872
7980.527487320152,1.7392879749444918
7984.589706105725,1.7384664682811612
7988.651924891296,1.7379863305345027
7992.714143676869,1.7491348293667857
7996.776362462442,1.7593533433757262
